Workbook

Sheet Sheet1
A1: Kode Bayar | B1: Tanggal | C1: Penerima | D1: Kode Daftar | E1: Nama Lengkap | F1: Jenjang | G1: Sekolah Asal | H1: Harus Bayar | I1: Opsional | J1: Registrasi | K1: BAM Pesantren | L1: BAM Sekolah | M1: P. Ops | N1: Dibayar | O1: Sisa Bayar
A2: 1-A8J9K6 | B2: 45507 | C2: ela | D2: PPDB001 | E2: Ahmad Bakri | F2: SMPP | G2: MI Nurrohman | H2: =IF(F2="SMPP","2460000",IF(F2="SMPN","1020000",IF(F2="SMKP","2310000",IF(F2="SMKN","1950000","0"))))+I2 -> 2460000 | I2: =Sheet3!Z2 -> 0 | J2: 250000 | N2: =SUM(J2:M2) -> 250000 | O2: =H2-N2 -> 2210000
A3: 2-F4L7R2 | H3: =IF(F3="SMPP","2460000",IF(F3="SMPN","1020000",IF(F3="SMKP","2310000",IF(F3="SMKN","1950000","0"))))+I3 -> 0 | I3: =Sheet3!Z3 -> 0 | N3: =SUM(J3:M3) -> 0 | O3: =H3-N3 -> 0
A4: 3-S3Q2W9 | H4: =IF(F4="SMPP","2460000",IF(F4="SMPN","1020000",IF(F4="SMKP","2310000",IF(F4="SMKN","1950000","0"))))+I4 -> 0 | I4: =Sheet3!Z4 -> 0 | N4: =SUM(J4:M4) -> 0 | O4: =H4-N4 -> 0
A5: 4-D1H5E8 | H5: =IF(F5="SMPP","2460000",IF(F5="SMPN","1020000",IF(F5="SMKP","2310000",IF(F5="SMKN","1950000","0"))))+I5 -> 0 | I5: =Sheet3!Z5 -> 0 | N5: =SUM(J5:M5) -> 0 | O5: =H5-N5 -> 0
A6: 5-P6O9I2 | H6: =IF(F6="SMPP","2460000",IF(F6="SMPN","1020000",IF(F6="SMKP","2310000",IF(F6="SMKN","1950000","0"))))+I6 -> 0 | I6: =Sheet3!Z6 -> 0 | N6: =SUM(J6:M6) -> 0 | O6: =H6-N6 -> 0
A7: 6-M2N8B7 | H7: =IF(F7="SMPP","2460000",IF(F7="SMPN","1020000",IF(F7="SMKP","2310000",IF(F7="SMKN","1950000","0"))))+I7 -> 0 | I7: =Sheet3!Z7 -> 0 | N7: =SUM(J7:M7) -> 0 | O7: =H7-N7 -> 0
A8: 7-T4G5Y9 | H8: =IF(F8="SMPP","2460000",IF(F8="SMPN","1020000",IF(F8="SMKP","2310000",IF(F8="SMKN","1950000","0"))))+I8 -> 0 | I8: =Sheet3!Z8 -> 0 | N8: =SUM(J8:M8) -> 0 | O8: =H8-N8 -> 0
A9: 8-Z7X1C3 | H9: =IF(F9="SMPP","2460000",IF(F9="SMPN","1020000",IF(F9="SMKP","2310000",IF(F9="SMKN","1950000","0"))))+I9 -> 0 | I9: =Sheet3!Z9 -> 0 | N9: =SUM(J9:M9) -> 0 | O9: =H9-N9 -> 0
A10: 9-R6V9U2 | H10: =IF(F10="SMPP","2460000",IF(F10="SMPN","1020000",IF(F10="SMKP","2310000",IF(F10="SMKN","1950000","0"))))+I10 -> 0 | I10: =Sheet3!Z10 -> 0 | N10: =SUM(J10:M10) -> 0 | O10: =H10-N10 -> 0
A11: 10-K8A3F4 | H11: =IF(F11="SMPP","2460000",IF(F11="SMPN","1020000",IF(F11="SMKP","2310000",IF(F11="SMKN","1950000","0"))))+I11 -> 0 | I11: =Sheet3!Z11 -> 0 | N11: =SUM(J11:M11) -> 0 | O11: =H11-N11 -> 0
A12: 11-I7O2P6 | H12: =IF(F12="SMPP","2460000",IF(F12="SMPN","1020000",IF(F12="SMKP","2310000",IF(F12="SMKN","1950000","0"))))+I12 -> 0 | I12: =Sheet3!Z12 -> 0 | N12: =SUM(J12:M12) -> 0 | O12: =H12-N12 -> 0
A13: 12-W3E5Q8 | H13: =IF(F13="SMPP","2460000",IF(F13="SMPN","1020000",IF(F13="SMKP","2310000",IF(F13="SMKN","1950000","0"))))+I13 -> 0 | I13: =Sheet3!Z13 -> 0 | N13: =SUM(J13:M13) -> 0 | O13: =H13-N13 -> 0
A14: 13-L9S2D1 | H14: =IF(F14="SMPP","2460000",IF(F14="SMPN","1020000",IF(F14="SMKP","2310000",IF(F14="SMKN","1950000","0"))))+I14 -> 0 | I14: =Sheet3!Z14 -> 0 | N14: =SUM(J14:M14) -> 0 | O14: =H14-N14 -> 0
... A339: 338-X5I9O4 | H339: =IF(F339="SMPP","2460000",IF(F339="SMPN","1020000",IF(F339="SMKP","2310000",IF(F339="SMKN","1950000","0"))))+I339 -> 0 | I339: =Sheet3!Z339 -> 0 | N339: =SUM(J339:M339) -> 0 | O339: =H339-N339 -> 0

Sheet Sheet3
A1: Kode Bayar | B1: Kode Daftar | C1: Seragam Pramuka | D1: Lemari Napolly 144 | E1: Lemari Napolly 244 | F1: Kasur 70 x 180 | G1: Kasur 90 x 180 | H1: Bantal | I1: Guling | J1: Seragam Atasan Putih | K1: Seragam Celana Putih | L1: Seragam Celana Biru | M1: Seragam Celana Abu - abu | N1: Seragam Rok Putih Biasa | O1: Seragam Rok Biru Biasa | P1: Seragam Rok Abu Biasa | Q1: Seragam Rok Hitam Biasa | R1: Seragam Rok Putih Bahping | S1: Seragam Rok Biru Bahping | T1: Seragam Rok Abu - abu Bahping | U1: Seragam Rok Hitam Bahping | V1: Seragam Rok Putih Rempel Penuh | W1: Seragam Rok Biru Rempel Penuh | X1: Seragam Rok Abu Rempel Penuh | Y1: Seragam Rok Hitam Rempel Penuh | Z1: Jumlah
A2: =Sheet1!A2 -> 1-A8J9K6 | B2: =Sheet1!D2 -> PPDB001 | C2: 0 | D2: 0 | E2: 0 | F2: 0 | G2: 0 | H2: 0 | I2: 0 | J2: 0 | K2: 0 | L2: 0 | M2: 0 | N2: 0 | O2: 0 | P2: 0 | Q2: 0 | R2: 0 | S2: 0 | T2: 0 | U2: 0 | V2: 0 | W2: 0 | X2: 0 | Y2: 0 | Z2: =SUM(C2:Y2) -> 0
A3: =Sheet1!A3 -> 2-F4L7R2 | B3: =Sheet1!D3 -> 0 | C3: 0 | D3: 0 | E3: 0 | F3: 0 | G3: 0 | H3: 0 | I3: 0 | J3: 0 | K3: 0 | L3: 0 | M3: 0 | N3: 0 | O3: 0 | P3: 0 | Q3: 0 | R3: 0 | S3: 0 | T3: 0 | U3: 0 | V3: 0 | W3: 0 | X3: 0 | Y3: 0 | Z3: =SUM(C3:Y3) -> 0
A4: =Sheet1!A4 -> 3-S3Q2W9 | B4: =Sheet1!D4 -> 0 | C4: 0 | D4: 0 | E4: 0 | F4: 0 | G4: 0 | H4: 0 | I4: 0 | J4: 0 | K4: 0 | L4: 0 | M4: 0 | N4: 0 | O4: 0 | P4: 0 | Q4: 0 | R4: 0 | S4: 0 | T4: 0 | U4: 0 | V4: 0 | W4: 0 | X4: 0 | Y4: 0 | Z4: =SUM(C4:Y4) -> 0
A5: =Sheet1!A5 -> 4-D1H5E8 | B5: =Sheet1!D5 -> 0 | C5: 0 | D5: 0 | E5: 0 | F5: 0 | G5: 0 | H5: 0 | I5: 0 | J5: 0 | K5: 0 | L5: 0 | M5: 0 | N5: 0 | O5: 0 | P5: 0 | Q5: 0 | R5: 0 | S5: 0 | T5: 0 | U5: 0 | V5: 0 | W5: 0 | X5: 0 | Y5: 0 | Z5: =SUM(C5:Y5) -> 0
A6: =Sheet1!A6 -> 5-P6O9I2 | B6: =Sheet1!D6 -> 0 | C6: 0 | D6: 0 | E6: 0 | F6: 0 | G6: 0 | H6: 0 | I6: 0 | J6: 0 | K6: 0 | L6: 0 | M6: 0 | N6: 0 | O6: 0 | P6: 0 | Q6: 0 | R6: 0 | S6: 0 | T6: 0 | U6: 0 | V6: 0 | W6: 0 | X6: 0 | Y6: 0 | Z6: =SUM(C6:Y6) -> 0
A7: =Sheet1!A7 -> 6-M2N8B7 | B7: =Sheet1!D7 -> 0 | C7: 0 | D7: 0 | E7: 0 | F7: 0 | G7: 0 | H7: 0 | I7: 0 | J7: 0 | K7: 0 | L7: 0 | M7: 0 | N7: 0 | O7: 0 | P7: 0 | Q7: 0 | R7: 0 | S7: 0 | T7: 0 | U7: 0 | V7: 0 | W7: 0 | X7: 0 | Y7: 0 | Z7: =SUM(C7:Y7) -> 0
A8: =Sheet1!A8 -> 7-T4G5Y9 | B8: =Sheet1!D8 -> 0 | C8: 0 | D8: 0 | E8: 0 | F8: 0 | G8: 0 | H8: 0 | I8: 0 | J8: 0 | K8: 0 | L8: 0 | M8: 0 | N8: 0 | O8: 0 | P8: 0 | Q8: 0 | R8: 0 | S8: 0 | T8: 0 | U8: 0 | V8: 0 | W8: 0 | X8: 0 | Y8: 0 | Z8: =SUM(C8:Y8) -> 0
A9: =Sheet1!A9 -> 8-Z7X1C3 | B9: =Sheet1!D9 -> 0 | C9: 0 | D9: 0 | E9: 0 | F9: 0 | G9: 0 | H9: 0 | I9: 0 | J9: 0 | K9: 0 | L9: 0 | M9: 0 | N9: 0 | O9: 0 | P9: 0 | Q9: 0 | R9: 0 | S9: 0 | T9: 0 | U9: 0 | V9: 0 | W9: 0 | X9: 0 | Y9: 0 | Z9: =SUM(C9:Y9) -> 0
A10: =Sheet1!A10 -> 9-R6V9U2 | B10: =Sheet1!D10 -> 0 | C10: 0 | D10: 0 | E10: 0 | F10: 0 | G10: 0 | H10: 0 | I10: 0 | J10: 0 | K10: 0 | L10: 0 | M10: 0 | N10: 0 | O10: 0 | P10: 0 | Q10: 0 | R10: 0 | S10: 0 | T10: 0 | U10: 0 | V10: 0 | W10: 0 | X10: 0 | Y10: 0 | Z10: =SUM(C10:Y10) -> 0
A11: =Sheet1!A11 -> 10-K8A3F4 | B11: =Sheet1!D11 -> 0 | C11: 0 | D11: 0 | E11: 0 | F11: 0 | G11: 0 | H11: 0 | I11: 0 | J11: 0 | K11: 0 | L11: 0 | M11: 0 | N11: 0 | O11: 0 | P11: 0 | Q11: 0 | R11: 0 | S11: 0 | T11: 0 | U11: 0 | V11: 0 | W11: 0 | X11: 0 | Y11: 0 | Z11: =SUM(C11:Y11) -> 0
A12: =Sheet1!A12 -> 11-I7O2P6 | B12: =Sheet1!D12 -> 0 | C12: 0 | D12: 0 | E12: 0 | F12: 0 | G12: 0 | H12: 0 | I12: 0 | J12: 0 | K12: 0 | L12: 0 | M12: 0 | N12: 0 | O12: 0 | P12: 0 | Q12: 0 | R12: 0 | S12: 0 | T12: 0 | U12: 0 | V12: 0 | W12: 0 | X12: 0 | Y12: 0 | Z12: =SUM(C12:Y12) -> 0
A13: =Sheet1!A13 -> 12-W3E5Q8 | B13: =Sheet1!D13 -> 0 | C13: 0 | D13: 0 | E13: 0 | F13: 0 | G13: 0 | H13: 0 | I13: 0 | J13: 0 | K13: 0 | L13: 0 | M13: 0 | N13: 0 | O13: 0 | P13: 0 | Q13: 0 | R13: 0 | S13: 0 | T13: 0 | U13: 0 | V13: 0 | W13: 0 | X13: 0 | Y13: 0 | Z13: =SUM(C13:Y13) -> 0
... A339: =Sheet1!A339 -> 338-X5I9O4 | B339: =Sheet1!D339 -> 0 | C339: 0 | D339: 0 | E339: 0 | F339: 0 | G339: 0 | H339: 0 | I339: 0 | J339: 0 | K339: 0 | L339: 0 | M339: 0 | N339: 0 | O339: 0 | P339: 0 | Q339: 0 | R339: 0 | S339: 0 | T339: 0 | U339: 0 | V339: 0 | W339: 0 | X339: 0 | Y339: 0 | Z339: =SUM(C339:Y339) -> 0
A340: TOTAL | B340: =SUM(B2:B339) -> 0 | C340: =SUM(C2:C339) -> 0 | D340: =SUM(D2:D339) -> 0 | E340: =SUM(E2:E339) -> 0 | F340: =SUM(F2:F339) -> 0 | G340: =SUM(G2:G339) -> 0 | H340: =SUM(H2:H339) -> 0 | I340: =SUM(I2:I339) -> 0 | ... Z340: =SUM(Z2:Z339) -> 0

Sheet Sheet2
A2: Jenjang | D2: No | E2: Uraian | F2: Harga
A3: SMPP | B3: SMP & Pondok | C3: 250000 | D3: 1 | E3: Seragam Pramuka | F3: 180000 | G3: 0
A4: SMPN | B4: SMP Non Pondok | C4: 100000 | D4: 2 | E4: Lemari Napolly 144 | F4: 300000 | G4: 0
A5: SMKP | B5: SMK & Pondok | C5: 250000 | D5: 3 | E5: Lemari Napolly 244 | F5: 400000 | G5: 0
A6: SMKN | B6: SMK Non Pondok | C6: 250000 | D6: 4 | E6: Kasur 70 x 180 | F6: 240000 | G6: 0
C7: 0 | D7: 5 | E7: Kasur 90 x 180 | F7: 300000 | G7: 0
D8: 6 | E8: Bantal | F8: 25000 | G8: 0
D9: 7 | E9: Guling | F9: 25000 | G9: 0
D10: 8 | E10: Seragam Atasan Putih | F10: 75000 | G10: 0
D11: 9 | E11: Seragam Celana Putih | F11: 85000 | G11: 0
D12: 10 | E12: Seragam Celana Biru | F12: 85000 | G12: 0
D13: 11 | E13: Seragam Celana Abu - abu | F13: 85000 | G13: 0
D14: 12 | E14: Seragam Rok Putih Biasa | F14: 85000 | G14: 0
D15: 13 | E15: Seragam Rok Biru Biasa | F15: 85000 | G15: 0
D16: 14 | E16: Seragam Rok Abu Biasa | F16: 85000 | G16: 0
D17: 15 | E17: Seragam Rok Hitam Biasa | F17: 85000 | G17: 0
D18: 16 | E18: Seragam Rok Putih Bahping | F18: 90000 | G18: 0
D19: 17 | E19: Seragam Rok Biru Bahping | F19: 90000 | G19: 0
... D25: 23 | E25: Seragam Rok Hitam Rempel Penuh | F25: 95000 | G25: 0
